Year,Zc_rate
1,-0.003937
2,0.000992
3,0.000701
4,0.001704
5,0.002338
6,0.002821
7,0.003286
8,0.003762
9,0.004220
10,0.004628
11,0.005017
12,0.005345
13,0.005644
14,0.005881
15,0.006056
16,0.006178
17,0.006248
18,0.006265
19,0.006251
20,0.006204
21,0.006137
22,0.006048
23,0.005949
24,0.005840
25,0.005709
26,0.005579
27,0.005439
28,0.005289
29,0.005150
30,0.005022
